{"cameraMode":{"drawMode":0,"name":"Shaded","section":"Shading Mode"},"sceneLighting":false,"audioPlay":false,"sceneViewState":{"showFog":true,"showMaterialUpdate":false,"showSkybox":false,"showFlares":true,"showImageEffects":true,"showParticleSystems":true},"in2DMode":false,"pivot":{"x":0.05872833728790283,"y":3.1011924743652345,"z":15.769754409790039},"rotation":{"x":0.3851236402988434,"y":0.5541175603866577,"z":-0.3211897313594818,"w":0.6644619107246399},"size":13.115447044372559,"orthographic":false}