{"cameraMode":{"drawMode":0,"name":"Shaded","section":"Shading Mode"},"sceneLighting":false,"audioPlay":false,"sceneViewState":{"showFog":true,"showMaterialUpdate":false,"showSkybox":false,"showFlares":true,"showImageEffects":true,"showParticleSystems":true},"in2DMode":false,"pivot":{"x":6.223980903625488,"y":-0.34062129259109499,"z":10.386590957641602},"rotation":{"x":0.14476007223129273,"y":0.45115017890930178,"z":-0.07442758232355118,"w":0.8774798512458801},"size":25.50071144104004,"orthographic":false}