{"cameraMode":{"drawMode":0,"name":"Shaded","section":"Shading Mode"},"sceneLighting":false,"audioPlay":false,"sceneViewState":{"showFog":true,"showMaterialUpdate":false,"showSkybox":false,"showFlares":true,"showImageEffects":true,"showParticleSystems":true},"in2DMode":false,"pivot":{"x":13.332618713378907,"y":2.948690176010132,"z":-20.989999771118165},"rotation":{"x":0.28266364336013796,"y":0.6606382131576538,"z":-0.29692500829696658,"w":0.6289053559303284},"size":22.0,"orthographic":false}