{"cameraMode":{"drawMode":0,"name":"Shaded","section":"Shading Mode"},"sceneLighting":false,"audioPlay":false,"sceneViewState":{"showFog":true,"showMaterialUpdate":false,"showSkybox":false,"showFlares":true,"showImageEffects":true,"showParticleSystems":true},"in2DMode":false,"pivot":{"x":-2.719534397125244,"y":2.2315993309020998,"z":-7.785199165344238},"rotation":{"x":0.030022474005818368,"y":-0.8749717473983765,"z":0.480157732963562,"w":0.0546882264316082},"size":10.239598274230957,"orthographic":false}