{"cameraMode":{"drawMode":0,"name":"Shaded","section":"Shading Mode"},"sceneLighting":false,"audioPlay":false,"sceneViewState":{"showFog":true,"showMaterialUpdate":false,"showSkybox":false,"showFlares":true,"showImageEffects":true,"showParticleSystems":true},"in2DMode":false,"pivot":{"x":5.124749183654785,"y":3.486464023590088,"z":-21.420333862304689},"rotation":{"x":0.22307008504867555,"y":0.5191654562950134,"z":-0.1425088495016098,"w":0.8126506805419922},"size":5.223663806915283,"orthographic":false}