{"cameraMode":{"drawMode":0,"name":"Shaded","section":"Shading Mode"},"sceneLighting":false,"audioPlay":false,"sceneViewState":{"showFog":true,"showMaterialUpdate":false,"showSkybox":false,"showFlares":true,"showImageEffects":true,"showParticleSystems":true},"in2DMode":false,"pivot":{"x":2.605764389038086,"y":-4.919119834899902,"z":17.792024612426759},"rotation":{"x":0.23027603328227998,"y":0.7058397531509399,"z":-0.26398739218711855,"w":0.6157015562057495},"size":22.0,"orthographic":false}